{
    "worker": {
        "name": "worker",
        "aliases": [
            "cook",
            "chef",
            "deliver",
            "deliverer"
        ],
        "questions": [
            "Do you know the rules?",
            "Have you been a worker before (if so when)?",
            "Is there anything else you wish to add? (If you are a previous worker and are interested in a rehire, state it here.)",
            "Why do you want to become a worker?",
            "Do you have a photo-edit program?"
        ]
    },
    "teacher": {
        "name": "teacher",
        "questions": [
            "Do you want to teach others how to do it?"
        ]
    },
    "developer": {
        "name": "developer",
        "aliases": [
            "dev"
        ],
        "questions": [
            "What programming languages do you use?",
            "How much experience do you have with programming?",
            "why do you want to become a Pixel Pizza developer?",
            "Do you have github? (if so what is you github username)"
        ]
    },
    "staff": {
        "name": "staff",
        "questions": [
            "Are you online much?"
        ]
    }
}